Nebnext_index1	ATCACG
Nebnext_index2	CGATGT
Nebnext_index3	TTAGGC
Nebnext_index4	TGACCA
Nebnext_index5	ACAGTG
Nebnext_index6	GCCAAT
Nebnext_index7	CAGATC
Nebnext_index8	ACTTGA
Nebnext_index9	GATCAG
Nebnext_index10	TAGCTT
Nebnext_index11	GGCTAC
Nebnext_index12	CTTGTA
Nebnext_index31	CACGAT
Nebnext_index32	CACTCA
Nebnext_index33	CAGGCG
Nebnext_index34	CATGGC
Nebnext_index39	CTATAC
Nebnext_index40	GTGATC
Nebnext_index45	TCATTC
Nebnext_index47	TCGAAG
Nebnext_index17	GTAGAG
Nebnext_index24	GGTAGC
Nebnext_index26	ATGAGC
Nebnext_index28	CAAAAG
Nebnext_index29	CAACTA
Nebnext_index35	CATTTT
Nebnext_index36	CCAACA
Nebnext_index42	TAATCG
Nebnext_index30	CACCGG
Nebnext_index38	CTAGCT
Nebnext_index37	CGGAAT
Nebnext_index41	GACGAC
Nebnext_index43	TACAGC
Nebnext_index44	TATAAT
Nebnext_index46	TCCCGA
Nebnext_index48	TCGGCA
Nebnext_index25	ACTGAT
Nebnext_index27	ATTCCT
Nebnext_index100	AGCGAG
Nebnext_index101	AAGACA
Nebnext_index102	CAATAG
Nebnext_index103	CCAGTT
Nebnext_index104	GAATCC
Nebnext_index105	GCAATT
Nebnext_index106	TACCTG
Nebnext_index107	TCCATT
Nebnext_index108	TGGTGA
Nebnext_index109	TTGCGA
Nebnext_index110	GCGTTA
Nebnext_index111	AACCAG
TruSeq-LT-01	ATCACG
TruSeq-LT-02	CGATGT
TruSeq-LT-03	TTAGGC
TruSeq-LT-04	TGACCA
TruSeq-LT-05	ACAGTG
TruSeq-LT-06	GCCAAT
TruSeq-LT-07	CAGATC
TruSeq-LT-08	ACTTGA
TruSeq-LT-09	GATCAG
TruSeq-LT-10	TAGCTT
TruSeq-LT-11	GGCTAC
TruSeq-LT-12	CTTGTA
TruSeq-LT-13	AGTCAA
TruSeq-LT-14	AGTTCC
TruSeq-LT-15	ATGTCA
TruSeq-LT-16	CCGTCC
TruSeq-LT-18	GTCCGC
TruSeq-LT-19	GTGAAA
TruSeq-LT-20	GTGGCC
TruSeq-LT-21	GTTTCG
TruSeq-LT-22	CGTACG
TruSeq-LT-23	GAGTGG
TruSeq-LT-25	ACTGAT
TruSeq-LT-27	ATTCCT
